user,password
Mgarcia,ABcd123456
Alim,",ABcd123457"
Baquino,",ABcd123458"
Ireyes,",ABcd123459"
Ehernandez,",ABcd123460"
Avillanueva,",ABcd123461"
Bsan jose,",ABcd123462"
Aromualdez,",ABcd123463"
Ratienza,",ABcd123464"
Ralvaro,",ABcd123465"
Asalcedo,",ABcd123466"
Jlopez,",ABcd123467"
Mfarala,",ABcd123468"
Lmartinez,",ABcd123469"
Fromualdez,",ABcd123470"
Cmata,",ABcd123471"
Sde leon,",ABcd123472"
Asan jose,",ABcd123473"
Crosario,",ABcd123474"
Mbautista,",ABcd123475"
Dlazaro,",ABcd123476"
Kdelos santos,",ABcd123477"
Vsantos,",ABcd123478"
Tdel rosario,",ABcd123479"
Jtolentino,",ABcd123480"
Pgutierrez,",ABcd123481"
Gmanalaysay,",ABcd123482"
Lvillegas,",ABcd123483"
Cramos,",ABcd123484"
Emaceda,",ABcd123485"
Daguilar,",ABcd123486"
Jcastro,",ABcd123487"
Cmartinez,",ABcd123488"
Bsantos,",ABcd123489"
Jm,123456
Jm,123456
